Country Origin Name,Country Origin Code,Migration by Gender Name,Migration by Gender Code,Country Dest Name,Country Dest Code,1960 [1960],1970 [1970],1980 [1980],1990 [1990],2000 [2000]
India,IND,Female,FEM,Afghanistan,AFG,9521,11578,2872,2234,4445
India,IND,Female,FEM,Albania,ALB,1,2,2,2,2
India,IND,Female,FEM,Algeria,DZA,6,2,2,1,0
India,IND,Female,FEM,American Samoa,ASM,0,0,2,3,4
India,IND,Female,FEM,Andorra,AND,2,13,3,6,8
India,IND,Female,FEM,Angola,AGO,233,95,39,45,78
India,IND,Female,FEM,Anguilla,AIA,0,0,0,2,3
India,IND,Female,FEM,Antigua and Barbuda,ATG,5,7,9,12,20
India,IND,Female,FEM,Argentina,ARG,62,136,216,124,140
India,IND,Female,FEM,Armenia,ARM,0,0,0,0,0
India,IND,Female,FEM,Aruba,ABW,13,12,11,51,68
India,IND,Female,FEM,Australia,AUS,4650,8782,19580,29547,44315
India,IND,Female,FEM,Austria,AUT,69,326,1416,2253,2667
India,IND,Female,FEM,Azerbaijan,AZE,0,0,0,0,0
India,IND,Female,FEM,"Bahamas, The",BHS,1,36,55,74,82
India,IND,Female,FEM,Bahrain,BHR,1519,2667,3077,8442,6384
India,IND,Female,FEM,Bangladesh,BGD,295599,326650,226332,118429,129791
India,IND,Female,FEM,Barbados,BRB,12,91,179,226,265
India,IND,Female,FEM,Belarus,BLR,0,0,0,0,0
India,IND,Female,FEM,Belgium,BEL,24,274,786,992,1478
India,IND,Female,FEM,Belize,BLZ,28,36,41,0,103
India,IND,Female,FEM,Benin,BEN,10,13,17,21,36
India,IND,Female,FEM,Bermuda,BMU,0,7,25,0,34
India,IND,Female,FEM,Bhutan,BTN,1743,2352,3176,4287,5787
India,IND,Female,FEM,Bolivia,BOL,0,2,3,29,52
India,IND,Female,FEM,Bosnia and Herzegovina,BIH,6,7,12,51,39
India,IND,Female,FEM,Botswana,BWA,4,4,56,849,1614
India,IND,Female,FEM,Brazil,BRA,107,136,407,276,315
India,IND,Female,FEM,Brunei Darussalam,BRN,229,214,261,423,632
India,IND,Female,FEM,Bulgaria,BGR,18,19,19,19,89
India,IND,Female,FEM,Burkina Faso,BFA,0,0,2,66,27
India,IND,Female,FEM,Burundi,BDI,71,59,49,21,17
India,IND,Female,FEM,Cambodia,KHM,125,107,1,13,84
India,IND,Female,FEM,Cameroon,CMR,122,138,111,0,0
India,IND,Female,FEM,Canada,CAN,3779,22178,41574,64890,145504
India,IND,Female,FEM,Cape Verde,CPV,5,5,6,0,0
India,IND,Female,FEM,Cayman Islands,CYM,0,0,2,29,16
India,IND,Female,FEM,Central African Republic,CAF,5,3,5,3,0
India,IND,Female,FEM,Chad,TCD,415,474,528,586,666
India,IND,Female,FEM,Channel Islands,CHI,..,..,..,..,..
India,IND,Female,FEM,Chile,CHL,14,30,55,110,183
India,IND,Female,FEM,China,CHN,16,333,53,178,3884
India,IND,Female,FEM,Colombia,COL,9,17,23,30,63
India,IND,Female,FEM,Comoros,COM,0,2,9,47,47
India,IND,Female,FEM,"Congo, Dem. Rep.",COD,91,35009,21955,15321,12630
India,IND,Female,FEM,"Congo, Rep.",COG,61,102,169,278,51
India,IND,Female,FEM,Cook Islands,COK,0,0,0,3,5
India,IND,Female,FEM,Costa Rica,CRI,5,3,5,9,16
India,IND,Female,FEM,Cote d'Ivoire,CIV,59,92,121,193,16
India,IND,Female,FEM,Croatia,HRV,0,0,0,11,2
India,IND,Female,FEM,Cuba,CUB,355,311,139,55,11
India,IND,Female,FEM,Cyprus,CYP,4,14,23,33,522
India,IND,Female,FEM,Czech Republic,CZE,3,4,4,27,86
India,IND,Female,FEM,Denmark,DNK,373,234,943,1565,2556
India,IND,Female,FEM,Djibouti,DJI,10,19,40,67,85
India,IND,Female,FEM,Dominica,DMA,3,2,0,4,6
India,IND,Female,FEM,Dominican Republic,DOM,97,122,125,139,161
India,IND,Female,FEM,Ecuador,ECU,1,2,4,4,27
India,IND,Female,FEM,"Egypt, Arab Rep.",EGY,153,173,203,13,329
India,IND,Female,FEM,El Salvador,SLV,1,3,7,11,2
India,IND,Female,FEM,Equatorial Guinea,GNQ,1,7,30,18,30
India,IND,Female,FEM,Eritrea,ERI,29,208,218,58,41
India,IND,Female,FEM,Estonia,EST,0,0,0,0,18
India,IND,Female,FEM,Ethiopia,ETH,465,460,509,560,584
India,IND,Female,FEM,Faeroe Islands,FRO,0,0,0,0,2
India,IND,Female,FEM,Falkland Islands (Malvinas),FLK,0,0,0,0,0
India,IND,Female,FEM,Fiji,FJI,3847,3012,2218,2028,2345
India,IND,Female,FEM,Finland,FIN,12,49,90,348,424
India,IND,Female,FEM,France,FRA,38575,3919,7211,10838,69004
India,IND,Female,FEM,French Guiana,GUF,4,0,0,1,2
India,IND,Female,FEM,French Polynesia,PYF,1,2,3,7,13
India,IND,Female,FEM,Gabon,GAB,136,43,46,62,94
India,IND,Female,FEM,"Gambia, The",GMB,20,24,178,273,423
India,IND,Female,FEM,Georgia,GEO,0,0,0,0,0
India,IND,Female,FEM,Germany,DEU,516,2846,7126,5973,10665
India,IND,Female,FEM,Ghana,GHA,195,636,310,1092,1873
India,IND,Female,FEM,Gibraltar,GIB,13,2,13,1,18
India,IND,Female,FEM,Greece,GRC,16,46,121,353,476
India,IND,Female,FEM,Greenland,GRL,0,2,3,3,2
India,IND,Female,FEM,Grenada,GRD,4,2,0,4,8
India,IND,Female,FEM,Guadeloupe,GLP,12,14,40,93,90
India,IND,Female,FEM,Guam,GUM,21,101,6,59,55
India,IND,Female,FEM,Guatemala,GTM,0,3,6,2,8
India,IND,Female,FEM,Guinea,GIN,16,23,36,14,24
India,IND,Female,FEM,Guinea-Bissau,GNB,2,2,2,4,3
India,IND,Female,FEM,Guyana,GUY,2,139,170,45,0
India,IND,Female,FEM,Haiti,HTI,9,4,5,7,9
India,IND,Female,FEM,Honduras,HND,23,12,16,33,6
India,IND,Female,FEM,"Hong Kong SAR, China",HKG,28,2608,439,2036,45220
India,IND,Female,FEM,Hungary,HUN,122,236,215,189,182
India,IND,Female,FEM,Iceland,ISL,2,0,17,49,83
India,IND,Female,FEM,India,IND,0,0,0,0,0
India,IND,Female,FEM,Indonesia,IDN,35979,23055,11761,3016,2729
India,IND,Female,FEM,"Iran, Islamic Rep.",IRN,52,86,305,692,547
India,IND,Female,FEM,Iraq,IRQ,487,308,202,166,23
India,IND,Female,FEM,Ireland,IRL,640,815,1357,1780,1269
India,IND,Female,FEM,Isle of Man,IMN,..,..,..,..,..
India,IND,Female,FEM,Israel,ISR,7911,9623,10425,7770,6988
India,IND,Female,FEM,Italy,ITA,323,646,649,4920,19950
India,IND,Female,FEM,Jamaica,JAM,362,295,327,292,452
India,IND,Female,FEM,Japan,JPN,20,328,826,1111,2339
India,IND,Female,FEM,Jordan,JOR,22,33,100,261,589
India,IND,Female,FEM,Kazakhstan,KAZ,0,0,0,0,0
India,IND,Female,FEM,Kenya,KEN,688,6449,5300,3884,249
India,IND,Female,FEM,Kiribati,KIR,1,0,5,0,6
India,IND,Female,FEM,"Korea, Dem. Rep.",PRK,0,35,14,32,358
India,IND,Female,FEM,"Korea, Rep.",KOR,0,2,0,2,299
India,IND,Female,FEM,Kosovo,XKX,..,..,..,..,..
India,IND,Female,FEM,Kuwait,KWT,1314,8239,25914,21756,16195
India,IND,Female,FEM,Kyrgyz Republic,KGZ,0,0,0,0,29
India,IND,Female,FEM,Lao PDR,LAO,11,12,13,13,12
India,IND,Female,FEM,Latvia,LVA,0,0,0,0,14
India,IND,Female,FEM,Lebanon,LBN,44,147,493,4938,11108
India,IND,Female,FEM,Lesotho,LSO,32,24,17,169,58
India,IND,Female,FEM,Liberia,LBR,38,177,644,690,657
India,IND,Female,FEM,Libya,LBY,5,32,73,108,129
India,IND,Female,FEM,Liechtenstein,LIE,0,0,0,0,3
India,IND,Female,FEM,Lithuania,LTU,0,0,0,0,11
India,IND,Female,FEM,Luxembourg,LUX,19,28,99,583,216
India,IND,Female,FEM,"Macao SAR, China",MAC,73,32,127,177,189
India,IND,Female,FEM,"Macedonia, FYR",MKD,11,11,21,649,754
India,IND,Female,FEM,Madagascar,MDG,8971,4944,1955,3450,3118
India,IND,Female,FEM,Malawi,MWI,1904,1873,60,59,58
India,IND,Female,FEM,Malaysia,MYS,3963,50443,37436,13603,29759
India,IND,Female,FEM,Maldives,MDV,371,449,113,105,181
India,IND,Female,FEM,Mali,MLI,26,26,25,24,1
India,IND,Female,FEM,Malta,MLT,1,0,2,4,11
India,IND,Female,FEM,Marshall Islands,MHL,2,2,2,3,3
India,IND,Female,FEM,Martinique,MTQ,6,3,11,22,28
India,IND,Female,FEM,Mauritania,MRT,0,0,0,4,4
India,IND,Female,FEM,Mauritius,MUS,392,443,526,629,1481
India,IND,Female,FEM,Mayotte,MYT,2,3,7,19,40
India,IND,Female,FEM,Mexico,MEX,136,152,40,30,168
India,IND,Female,FEM,"Micronesia, Fed. Sts.",FSM,0,0,2,3,3
India,IND,Female,FEM,Moldova,MDA,0,0,0,0,0
India,IND,Female,FEM,Monaco,MCO,16,10,139,167,191
India,IND,Female,FEM,Mongolia,MNG,5,7,8,10,14
India,IND,Female,FEM,Montenegro,MNE,..,..,..,..,..
India,IND,Female,FEM,Montserrat,MSR,0,0,0,6,0
India,IND,Female,FEM,Morocco,MAR,7,2,1,1,1
India,IND,Female,FEM,Mozambique,MOZ,1134,255,389,1199,2986
India,IND,Female,FEM,Myanmar,MMR,46777,44900,30637,20603,16917
India,IND,Female,FEM,Namibia,NAM,34,58,101,174,169
India,IND,Female,FEM,Naura,NRU,0,6,18,14,8
India,IND,Female,FEM,Nepal,NPL,208455,207069,160954,292648,399609
India,IND,Female,FEM,Netherlands,NLD,11,282,956,3442,5177
India,IND,Female,FEM,Netherlands Antilles,ANT,40,40,41,176,29
India,IND,Female,FEM,New Caledonia,NCL,12,28,42,35,36
India,IND,Female,FEM,New Zealand,NZL,2131,2609,3029,3476,10049
India,IND,Female,FEM,Nicaragua,NIC,1,2,3,3,3
India,IND,Female,FEM,Niger,NER,197,271,373,274,77
India,IND,Female,FEM,Nigeria,NGA,454,366,2258,700,1225
India,IND,Female,FEM,Niue,NIU,0,0,0,0,0
India,IND,Female,FEM,Norfolk Island,NFK,0,0,0,0,1
India,IND,Female,FEM,Northern Mariana Islands,MNP,0,0,1,98,94
India,IND,Female,FEM,Norway,NOR,101,154,821,1970,2737
India,IND,Female,FEM,Oman,OMN,3407,4880,11301,32637,47716
India,IND,Female,FEM,Pakistan,PAK,2923092,2295006,1802811,1420156,1138971
India,IND,Female,FEM,Palau,PLW,0,0,0,4,3
India,IND,Female,FEM,Panama,PAN,127,179,344,653,886
India,IND,Female,FEM,Papua New Guinea,PNG,39,94,227,174,117
India,IND,Female,FEM,Paraguay,PRY,0,0,8,11,41
India,IND,Female,FEM,Peru,PER,12,15,17,61,53
India,IND,Female,FEM,Philippines,PHL,1554,1942,1017,2003,6471
India,IND,Female,FEM,Poland,POL,4,3,39,71,103
India,IND,Female,FEM,Portugal,PRT,339,837,2069,3512,3227
India,IND,Female,FEM,Puerto Rico,PRI,10,31,45,360,433
India,IND,Female,FEM,Qatar,QAT,20,405,3629,3330,6616
India,IND,Female,FEM,Reunion,REU,316,39,95,132,210
India,IND,Female,FEM,Romania,ROU,0,0,0,0,0
India,IND,Female,FEM,Russian Federation,RUS,0,0,0,0,4
India,IND,Female,FEM,Rwanda,RWA,6,306,387,321,747
India,IND,Female,FEM,Saint Helena,SHN,1,2,0,1,1
India,IND,Female,FEM,Saint Pierre and Miquelon,SPM,0,0,0,0,0
India,IND,Female,FEM,Samoa,WSM,0,0,1,1,3
India,IND,Female,FEM,San Marino,SMR,0,0,0,0,0
India,IND,Female,FEM,Sao Tome and Principe,STP,4,3,3,2,2
India,IND,Female,FEM,Saudi Arabia,SAU,2864,14645,67827,160526,201950
India,IND,Female,FEM,Senegal,SEN,105,67,73,151,155
India,IND,Female,FEM,Serbia,SRB,..,..,..,..,..
India,IND,Female,FEM,Serbia and Montenegro,SCG,61,63,116,29,115
India,IND,Female,FEM,Seychelles,SYC,2,129,233,255,583
India,IND,Female,FEM,Sierra Leone,SLE,66,114,149,156,299
India,IND,Female,FEM,Singapore,SGP,10293,10981,10677,14881,47942
India,IND,Female,FEM,Slovak Republic,SVK,1,1,2,5,8
India,IND,Female,FEM,Slovenia,SVN,0,0,0,0,2
India,IND,Female,FEM,Solomon Islands,SLB,0,0,0,11,3
India,IND,Female,FEM,Somalia,SOM,44,305,373,90,78
India,IND,Female,FEM,South Africa,ZAF,11874,10240,8644,4780,7739
India,IND,Female,FEM,Spain,ESP,0,0,0,1812,3221
India,IND,Female,FEM,Sri Lanka,LKA,465760,520974,321495,222860,191807
India,IND,Female,FEM,St. Kitts and Nevis,KNA,0,0,0,4,8
India,IND,Female,FEM,St. Lucia,LCA,4,2,0,6,31
India,IND,Female,FEM,St. Vincent and the Grenadines,VCT,1,1,1,3,4
India,IND,Female,FEM,Sudan,SDN,747,756,958,2207,2651
India,IND,Female,FEM,Suriname,SUR,241,132,65,51,2
India,IND,Female,FEM,Swaziland,SWZ,64,131,15,84,113
India,IND,Female,FEM,Sweden,SWE,160,407,1845,4809,6596
India,IND,Female,FEM,Switzerland,CHE,337,340,219,593,2925
India,IND,Female,FEM,Syrian Arab Republic,SYR,367,3708,2544,3610,4759
India,IND,Female,FEM,"Taiwan, China",TWN,0,0,0,14,125
India,IND,Female,FEM,Tajikistan,TJK,0,0,0,0,0
India,IND,Female,FEM,Tanzania,TZA,8955,8555,1596,1649,2889
India,IND,Female,FEM,Thailand,THA,860,346,1159,2083,6812
India,IND,Female,FEM,Timor-Leste,TLS,17,21,20,24,26
India,IND,Female,FEM,Togo,TGO,270,385,402,417,426
India,IND,Female,FEM,Tokelau,TKL,0,0,0,0,0
India,IND,Female,FEM,Tonga,TON,0,3,30,69,40
India,IND,Female,FEM,Trinidad and Tobago,TTO,57,220,454,378,280
India,IND,Female,FEM,Tunisia,TUN,10,17,8,16,15
India,IND,Female,FEM,Turkey,TUR,138,276,336,622,218
India,IND,Female,FEM,Turkmenistan,TKM,0,0,0,0,0
India,IND,Female,FEM,Turks and Caicos Islands,TCA,0,0,0,3,3
India,IND,Female,FEM,Tuvalu,TUV,2,0,0,0,0
India,IND,Female,FEM,Uganda,UGA,10225,9738,4984,371,2011
India,IND,Female,FEM,Ukraine,UKR,0,0,0,0,7
India,IND,Female,FEM,United Arab Emirates,ARE,120,4191,63069,157721,230372
India,IND,Female,FEM,United Kingdom,GBR,88327,154831,197399,220994,266644
India,IND,Female,FEM,United States,USA,5150,34022,102686,223537,480076
India,IND,Female,FEM,Uruguay,URY,13,15,5,5,2
India,IND,Female,FEM,Uzbekistan,UZB,0,0,0,0,0
India,IND,Female,FEM,Vanuatu,VUT,14,18,13,12,4
India,IND,Female,FEM,"Venezuela, RB",VEN,70,8,148,156,103
India,IND,Female,FEM,Vietnam,VNM,168,182,226,144,801
India,IND,Female,FEM,Virgin Islands (U.S.),VIR,0,61,7,155,144
India,IND,Female,FEM,"Virgin Islands, British",VGB,0,2,2,8,8
India,IND,Female,FEM,Wallis and Futuna,WLF,0,0,0,0,2
India,IND,Female,FEM,West Bank and Gaza,PSE,78,92,109,144,223
India,IND,Female,FEM,"Yemen, Rep.",YEM,1829,2265,2804,3471,4058
India,IND,Female,FEM,Zambia,ZMB,4140,3335,3246,2626,2400
India,IND,Female,FEM,Zimbabwe,ZWE,923,1712,1615,1523,1401
India,IND,Male,MAL,Afghanistan,AFG,12437,14664,2767,1119,2459
India,IND,Male,MAL,Albania,ALB,0,0,0,0,1
India,IND,Male,MAL,Algeria,DZA,5,2,2,1,1
India,IND,Male,MAL,American Samoa,ASM,0,3,6,4,5
India,IND,Male,MAL,Andorra,AND,3,16,6,11,14
India,IND,Male,MAL,Angola,AGO,489,193,76,80,120
India,IND,Male,MAL,Anguilla,AIA,0,0,0,2,3
India,IND,Male,MAL,Antigua and Barbuda,ATG,4,6,13,22,27
India,IND,Male,MAL,Argentina,ARG,134,171,218,96,197
India,IND,Male,MAL,Armenia,ARM,0,0,0,0,0
India,IND,Male,MAL,Aruba,ABW,14,14,13,60,116
India,IND,Male,MAL,Australia,AUS,8877,9383,20590,29750,49794
India,IND,Male,MAL,Austria,AUT,98,438,1399,2464,4220
India,IND,Male,MAL,Azerbaijan,AZE,0,0,0,0,0
India,IND,Male,MAL,"Bahamas, The",BHS,1,37,76,94,104
India,IND,Male,MAL,Bahrain,BHR,2975,4000,12209,22090,32927
India,IND,Male,MAL,Bangladesh,BGD,342256,377924,553388,735935,806361
India,IND,Male,MAL,Barbados,BRB,11,117,240,236,264
India,IND,Male,MAL,Belarus,BLR,0,0,0,0,0
India,IND,Male,MAL,Belgium,BEL,88,349,812,1708,2054
India,IND,Male,MAL,Belize,BLZ,45,61,72,0,168
India,IND,Male,MAL,Benin,BEN,21,27,35,46,81
India,IND,Male,MAL,Bermuda,BMU,0,4,31,0,57
India,IND,Male,MAL,Bhutan,BTN,7420,10018,13523,18257,24644
India,IND,Male,MAL,Bolivia,BOL,0,2,3,62,64
India,IND,Male,MAL,Bosnia and Herzegovina,BIH,6,6,10,59,47
India,IND,Male,MAL,Botswana,BWA,6,5,59,1054,2253
India,IND,Male,MAL,Brazil,BRA,156,221,607,417,444
India,IND,Male,MAL,Brunei Darussalam,BRN,375,857,1080,2196,3093
India,IND,Male,MAL,Bulgaria,BGR,88,92,94,93,433
India,IND,Male,MAL,Burkina Faso,BFA,0,0,2,78,29
India,IND,Male,MAL,Burundi,BDI,106,83,65,27,21
India,IND,Male,MAL,Cambodia,KHM,389,326,4,38,235
India,IND,Male,MAL,Cameroon,CMR,176,197,156,0,0
India,IND,Male,MAL,Canada,CAN,5002,23560,42824,85061,168496
India,IND,Male,MAL,Cape Verde,CPV,2,2,3,0,0
India,IND,Male,MAL,Cayman Islands,CYM,0,0,3,31,24
India,IND,Male,MAL,Central African Republic,CAF,8,4,10,11,3
India,IND,Male,MAL,Chad,TCD,530,570,627,690,780
India,IND,Male,MAL,Channel Islands,CHI,..,..,..,..,..
India,IND,Male,MAL,Chile,CHL,59,39,121,163,357
India,IND,Male,MAL,China,CHN,22,492,74,171,1884
India,IND,Male,MAL,Colombia,COL,23,31,36,44,53
India,IND,Male,MAL,Comoros,COM,2,4,14,43,42
India,IND,Male,MAL,"Congo, Dem. Rep.",COD,105,32958,20803,14227,11561
India,IND,Male,MAL,"Congo, Rep.",COG,65,110,374,624,116
India,IND,Male,MAL,Cook Islands,COK,0,0,2,5,7
India,IND,Male,MAL,Costa Rica,CRI,19,7,7,14,25
India,IND,Male,MAL,Cote d'Ivoire,CIV,76,117,147,231,23
India,IND,Male,MAL,Croatia,HRV,0,0,1,18,2
India,IND,Male,MAL,Cuba,CUB,669,615,300,135,28
India,IND,Male,MAL,Cyprus,CYP,4,14,23,33,727
India,IND,Male,MAL,Czech Republic,CZE,2,3,3,22,158
India,IND,Male,MAL,Denmark,DNK,239,335,997,1276,1844
India,IND,Male,MAL,Djibouti,DJI,24,43,85,130,167
India,IND,Male,MAL,Dominica,DMA,4,2,0,6,9
India,IND,Male,MAL,Dominican Republic,DOM,161,160,166,176,190
India,IND,Male,MAL,Ecuador,ECU,2,3,5,5,53
India,IND,Male,MAL,"Egypt, Arab Rep.",EGY,214,346,486,32,496
India,IND,Male,MAL,El Salvador,SLV,2,2,9,14,2
India,IND,Male,MAL,Equatorial Guinea,GNQ,6,10,54,26,42
India,IND,Male,MAL,Eritrea,ERI,28,221,254,66,72
India,IND,Male,MAL,Estonia,EST,0,0,0,0,35
India,IND,Male,MAL,Ethiopia,ETH,763,709,719,731,773
India,IND,Male,MAL,Faeroe Islands,FRO,4,5,6,7,12
India,IND,Male,MAL,Falkland Islands (Malvinas),FLK,0,0,0,0,2
India,IND,Male,MAL,Fiji,FJI,7644,4849,2583,1863,2185
India,IND,Male,MAL,Finland,FIN,10,44,90,174,712
India,IND,Male,MAL,France,FRA,42177,4155,8507,12617,67229
India,IND,Male,MAL,French Guiana,GUF,7,0,0,1,2
India,IND,Male,MAL,French Polynesia,PYF,2,3,6,15,14
India,IND,Male,MAL,Gabon,GAB,157,69,82,120,182
India,IND,Male,MAL,"Gambia, The",GMB,24,35,253,341,464
India,IND,Male,MAL,Georgia,GEO,0,0,0,0,0
India,IND,Male,MAL,Germany,DEU,2863,4726,22516,15643,24822
India,IND,Male,MAL,Ghana,GHA,582,1305,318,1106,1894
India,IND,Male,MAL,Gibraltar,GIB,22,3,28,2,17
India,IND,Male,MAL,Greece,GRC,16,47,243,3897,6457
India,IND,Male,MAL,Greenland,GRL,1,3,4,4,4
India,IND,Male,MAL,Grenada,GRD,4,2,0,5,9
India,IND,Male,MAL,Guadeloupe,GLP,14,15,39,88,73
India,IND,Male,MAL,Guam,GUM,13,147,6,61,101
India,IND,Male,MAL,Guatemala,GTM,2,2,3,2,8
India,IND,Male,MAL,Guinea,GIN,43,63,94,37,52
India,IND,Male,MAL,Guinea-Bissau,GNB,2,2,2,5,5
India,IND,Male,MAL,Guyana,GUY,3,164,196,50,0
India,IND,Male,MAL,Haiti,HTI,9,6,8,11,16
India,IND,Male,MAL,Honduras,HND,39,16,20,44,7
India,IND,Male,MAL,"Hong Kong SAR, China",HKG,42,3831,866,1060,13465
India,IND,Male,MAL,Hungary,HUN,335,295,248,207,191
India,IND,Male,MAL,Iceland,ISL,1,0,18,43,65
India,IND,Male,MAL,India,IND,0,0,0,0,0
India,IND,Male,MAL,Indonesia,IDN,40556,25111,13032,4174,3695
India,IND,Male,MAL,"Iran, Islamic Rep.",IRN,71,132,521,1287,1122
India,IND,Male,MAL,Iraq,IRQ,811,557,385,318,38
India,IND,Male,MAL,Ireland,IRL,648,808,1527,1742,2086
India,IND,Male,MAL,Isle of Man,IMN,..,..,..,..,..
India,IND,Male,MAL,Israel,ISR,7623,8835,10255,8479,8171
India,IND,Male,MAL,Italy,ITA,316,560,721,3278,23299
India,IND,Male,MAL,Jamaica,JAM,493,306,419,369,671
India,IND,Male,MAL,Japan,JPN,27,440,873,2110,5179
India,IND,Male,MAL,Jordan,JOR,17,27,93,332,2886
India,IND,Male,MAL,Kazakhstan,KAZ,0,0,0,0,0
India,IND,Male,MAL,Kenya,KEN,693,7952,6200,4249,302
India,IND,Male,MAL,Kiribati,KIR,1,0,3,0,8
India,IND,Male,MAL,"Korea, Dem. Rep.",PRK,0,51,20,31,154
India,IND,Male,MAL,"Korea, Rep.",KOR,0,10,1,2,1144
India,IND,Male,MAL,Kosovo,XKX,..,..,..,..,..
India,IND,Male,MAL,Kuwait,KWT,2768,13657,33146,85099,84709
India,IND,Male,MAL,Kyrgyz Republic,KGZ,0,0,0,0,181
India,IND,Male,MAL,Lao PDR,LAO,20,21,22,23,22
India,IND,Male,MAL,Latvia,LVA,0,0,0,0,41
India,IND,Male,MAL,Lebanon,LBN,77,170,634,15275,24217
India,IND,Male,MAL,Lesotho,LSO,25,22,20,213,74
India,IND,Male,MAL,Liberia,LBR,105,341,716,670,637
India,IND,Male,MAL,Libya,LBY,5,25,72,105,126
India,IND,Male,MAL,Liechtenstein,LIE,0,0,0,0,6
India,IND,Male,MAL,Lithuania,LTU,0,0,0,0,8
India,IND,Male,MAL,Luxembourg,LUX,18,28,94,560,174
India,IND,Male,MAL,"Macao SAR, China",MAC,162,62,215,198,217
India,IND,Male,MAL,"Macedonia, FYR",MKD,11,10,18,480,558
India,IND,Male,MAL,Madagascar,MDG,9071,5428,2104,3053,2760
India,IND,Male,MAL,Malawi,MWI,2150,2109,69,68,67
India,IND,Male,MAL,Malaysia,MYS,8233,100280,61287,19328,37942
India,IND,Male,MAL,Maldives,MDV,433,497,99,49,94
India,IND,Male,MAL,Mali,MLI,30,30,29,29,2
India,IND,Male,MAL,Malta,MLT,1,0,2,4,12
India,IND,Male,MAL,Marshall Islands,MHL,2,3,4,4,4
India,IND,Male,MAL,Martinique,MTQ,13,5,11,20,22
India,IND,Male,MAL,Mauritania,MRT,0,0,0,7,8
India,IND,Male,MAL,Mauritius,MUS,492,464,673,611,6704
India,IND,Male,MAL,Mayotte,MYT,2,4,7,19,36
India,IND,Male,MAL,Mexico,MEX,189,205,61,82,233
India,IND,Male,MAL,"Micronesia, Fed. Sts.",FSM,2,2,6,10,10
India,IND,Male,MAL,Moldova,MDA,0,0,0,0,0
India,IND,Male,MAL,Monaco,MCO,19,12,128,165,201
India,IND,Male,MAL,Mongolia,MNG,10,12,15,18,21
India,IND,Male,MAL,Montenegro,MNE,..,..,..,..,..
India,IND,Male,MAL,Montserrat,MSR,0,0,0,14,1
India,IND,Male,MAL,Morocco,MAR,8,3,2,1,1
India,IND,Male,MAL,Mozambique,MOZ,1590,285,303,1154,3326
India,IND,Male,MAL,Myanmar,MMR,58361,55111,36551,23485,18260
India,IND,Male,MAL,Namibia,NAM,55,84,127,191,181
India,IND,Male,MAL,Naura,NRU,0,39,54,45,18
India,IND,Male,MAL,Nepal,NPL,116216,115083,68631,114476,163962
India,IND,Male,MAL,Netherlands,NLD,10,727,1826,4568,5658
India,IND,Male,MAL,Netherlands Antilles,ANT,122,103,85,253,22
India,IND,Male,MAL,New Caledonia,NCL,49,48,44,32,26
India,IND,Male,MAL,New Zealand,NZL,2558,3020,3250,3656,10618
India,IND,Male,MAL,Nicaragua,NIC,3,6,6,7,8
India,IND,Male,MAL,Niger,NER,173,228,301,234,86
India,IND,Male,MAL,Nigeria,NGA,895,746,4000,1053,1714
India,IND,Male,MAL,Niue,NIU,0,0,0,0,0
India,IND,Male,MAL,Norfolk Island,NFK,0,0,0,0,0
India,IND,Male,MAL,Northern Mariana Islands,MNP,0,0,1,48,81
India,IND,Male,MAL,Norway,NOR,83,200,1053,2514,2504
India,IND,Male,MAL,Oman,OMN,18438,26547,61779,179318,264336
India,IND,Male,MAL,Pakistan,PAK,3370824,2563017,2096894,1710275,1373935
India,IND,Male,MAL,Palau,PLW,0,0,1,31,37
India,IND,Male,MAL,Panama,PAN,527,352,553,856,1273
India,IND,Male,MAL,Papua New Guinea,PNG,114,283,231,181,149
India,IND,Male,MAL,Paraguay,PRY,0,0,10,13,83
India,IND,Male,MAL,Peru,PER,20,29,37,116,92
India,IND,Male,MAL,Philippines,PHL,1726,1706,1079,2397,5968
India,IND,Male,MAL,Poland,POL,4,3,62,123,227
India,IND,Male,MAL,Portugal,PRT,257,721,2001,2938,3239
India,IND,Male,MAL,Puerto Rico,PRI,10,29,41,438,368
India,IND,Male,MAL,Qatar,QAT,97,1291,13038,30420,46171
India,IND,Male,MAL,Reunion,REU,544,44,108,138,191
India,IND,Male,MAL,Romania,ROU,0,0,0,0,0
India,IND,Male,MAL,Russian Federation,RUS,0,0,0,0,22
India,IND,Male,MAL,Rwanda,RWA,2,301,382,241,1267
India,IND,Male,MAL,Saint Helena,SHN,0,1,4,2,2
India,IND,Male,MAL,Saint Pierre and Miquelon,SPM,0,0,0,0,0
India,IND,Male,MAL,Samoa,WSM,0,2,3,2,4
India,IND,Male,MAL,San Marino,SMR,0,0,0,0,0
India,IND,Male,MAL,Sao Tome and Principe,STP,1,1,1,3,3
India,IND,Male,MAL,Saudi Arabia,SAU,9585,55464,289689,770932,805699
India,IND,Male,MAL,Senegal,SEN,95,62,64,103,95
India,IND,Male,MAL,Serbia,SRB,..,..,..,..,..
India,IND,Male,MAL,Serbia and Montenegro,SCG,59,58,101,39,136
India,IND,Male,MAL,Seychelles,SYC,4,214,406,331,1067
India,IND,Male,MAL,Sierra Leone,SLE,127,203,242,229,58
India,IND,Male,MAL,Singapore,SGP,56217,39894,31589,28815,57245
India,IND,Male,MAL,Slovak Republic,SVK,0,1,1,4,11
India,IND,Male,MAL,Slovenia,SVN,0,0,0,0,3
India,IND,Male,MAL,Solomon Islands,SLB,0,1,0,47,8
India,IND,Male,MAL,Somalia,SOM,41,324,435,101,139
India,IND,Male,MAL,South Africa,ZAF,14405,11525,8189,4116,9308
India,IND,Male,MAL,Spain,ESP,0,0,0,2075,4132
India,IND,Male,MAL,Sri Lanka,LKA,533573,559671,323461,224223,192982
India,IND,Male,MAL,St. Kitts and Nevis,KNA,1,0,0,6,28
India,IND,Male,MAL,St. Lucia,LCA,3,2,0,8,41
India,IND,Male,MAL,St. Vincent and the Grenadines,VCT,2,2,1,4,6
India,IND,Male,MAL,Sudan,SDN,1100,1007,1303,2258,2735
India,IND,Male,MAL,Suriname,SUR,299,164,80,62,2
India,IND,Male,MAL,Swaziland,SWZ,68,131,22,119,160
India,IND,Male,MAL,Sweden,SWE,196,483,2593,3362,4392
India,IND,Male,MAL,Switzerland,CHE,233,332,176,869,3494
India,IND,Male,MAL,Syrian Arab Republic,SYR,433,4006,3068,4329,5679
India,IND,Male,MAL,"Taiwan, China",TWN,0,0,0,18,56
India,IND,Male,MAL,Tajikistan,TJK,0,0,0,0,0
India,IND,Male,MAL,Tanzania,TZA,13763,12500,2346,2148,4262
India,IND,Male,MAL,Thailand,THA,1980,593,1399,2350,7607
India,IND,Male,MAL,Timor-Leste,TLS,42,48,44,50,51
India,IND,Male,MAL,Togo,TGO,256,366,389,409,425
India,IND,Male,MAL,Tokelau,TKL,0,0,0,0,0
India,IND,Male,MAL,Tonga,TON,1,3,30,63,37
India,IND,Male,MAL,Trinidad and Tobago,TTO,84,239,500,388,351
India,IND,Male,MAL,Tunisia,TUN,11,18,7,14,13
India,IND,Male,MAL,Turkey,TUR,180,303,356,629,349
India,IND,Male,MAL,Turkmenistan,TKM,0,0,0,0,0
India,IND,Male,MAL,Turks and Caicos Islands,TCA,0,0,0,3,3
India,IND,Male,MAL,Tuvalu,TUV,1,0,0,0,0
India,IND,Male,MAL,Uganda,UGA,11249,11697,5934,821,3378
India,IND,Male,MAL,Ukraine,UKR,0,0,0,0,6
India,IND,Male,MAL,United Arab Emirates,ARE,601,17393,172542,279458,520770
India,IND,Male,MAL,United Kingdom,GBR,102395,181736,203856,208891,258152
India,IND,Male,MAL,United States,USA,8760,35975,124998,270753,561244
India,IND,Male,MAL,Uruguay,URY,5,0,5,5,0
India,IND,Male,MAL,Uzbekistan,UZB,0,0,0,0,0
India,IND,Male,MAL,Vanuatu,VUT,45,51,25,17,4
India,IND,Male,MAL,"Venezuela, RB",VEN,97,9,228,224,118
India,IND,Male,MAL,Vietnam,VNM,349,307,376,230,1519
India,IND,Male,MAL,Virgin Islands (U.S.),VIR,0,68,9,195,181
India,IND,Male,MAL,"Virgin Islands, British",VGB,0,3,3,9,10
India,IND,Male,MAL,Wallis and Futuna,WLF,0,0,0,0,2
India,IND,Male,MAL,West Bank and Gaza,PSE,74,89,105,138,213
India,IND,Male,MAL,"Yemen, Rep.",YEM,3171,3926,4860,6017,7034
India,IND,Male,MAL,Zambia,ZMB,4697,3746,3599,2695,2414
India,IND,Male,MAL,Zimbabwe,ZWE,1496,1405,1325,1250,1149